<?xml version="1.0" encoding="UTF-8"?>
<SoftwareLegalInformation>
  <OutputDateTime>2019-04-08T08:30:02.930Z</OutputDateTime>
  <CopyrightNotations>
    <TechnologyName>Unity</TechnologyName>
    <TechnologyName>NintendoSDK_libcurl</TechnologyName>
    <TechnologyName>NintendoSDK_movie</TechnologyName>
  </CopyrightNotations>
  <DeclarationRequiredNotations>
    <TechnologyName>Unity</TechnologyName>
    <TechnologyName>NintendoWare_Bezel_Engine</TechnologyName>
    <TechnologyName>NintendoWare_Bezel_Engine</TechnologyName>
    <TechnologyName>NintendoSDK_libcurl</TechnologyName>
    <TechnologyName>NintendoSDK_movie</TechnologyName>
    <TechnologyName>NEX</TechnologyName>
    <TechnologyName>NEX</TechnologyName>
    <TechnologyName>nlib_LZ4</TechnologyName>
    <TechnologyName>nlib_bsdiff</TechnologyName>
    <TechnologyName>glew</TechnologyName>
    <TechnologyName>Capstone</TechnologyName>
    <TechnologyName>Breakpad</TechnologyName>
    <TechnologyName>NintendoSDK_dear_imgui</TechnologyName>
    <TechnologyName>NintendoSDK_Vulkan</TechnologyName>
    <TechnologyName>Wslay</TechnologyName>
    <TechnologyName>SkiaGraphicsLibrary</TechnologyName>
    <TechnologyName>H2O</TechnologyName>
  </DeclarationRequiredNotations>
  <ProductRegions>
    <Usa>true</Usa>
    <Japan>false</Japan>
    <Europe>false</Europe>
    <Asia>false</Asia>
  </ProductRegions>
  <FormatVersion>2.0.0</FormatVersion>
  <ApplicationId>0x0100aaa00dd4c000</ApplicationId>
  <DataHash>61b60dd5c650ee0738bde23fccf969ee</DataHash>
</SoftwareLegalInformation>
