<?xml version="1.0" encoding="UTF-8"?>
<SoftwareLegalInformation>
  <OutputDateTime>2020-07-24T05:34:07.400Z</OutputDateTime>
  <CopyrightNotations>
    <TechnologyName>Unity</TechnologyName>
    <TechnologyName>NintendoSDK_libcurl</TechnologyName>
    <TechnologyName>NintendoSDK_movie</TechnologyName>
  </CopyrightNotations>
  <DeclarationRequiredNotations>
    <TechnologyName>Unity</TechnologyName>
    <TechnologyName>NintendoWare_Bezel_Engine</TechnologyName>
    <TechnologyName>NintendoWare_Bezel_Engine</TechnologyName>
    <TechnologyName>NintendoSDK_libcurl</TechnologyName>
    <TechnologyName>NintendoSDK_movie</TechnologyName>
    <TechnologyName>NEX</TechnologyName>
    <TechnologyName>NEX</TechnologyName>
    <TechnologyName>nlib_LZ4</TechnologyName>
    <TechnologyName>nlib_bsdiff</TechnologyName>
    <TechnologyName>glew</TechnologyName>
    <TechnologyName>Capstone</TechnologyName>
    <TechnologyName>Breakpad</TechnologyName>
    <TechnologyName>NintendoSDK_dear_imgui</TechnologyName>
    <TechnologyName>NintendoSDK_Vulkan</TechnologyName>
    <TechnologyName>Wslay</TechnologyName>
    <TechnologyName>SkiaGraphicsLibrary</TechnologyName>
    <TechnologyName>H2O</TechnologyName>
  </DeclarationRequiredNotations>
  <ProductRegions>
    <Usa>false</Usa>
    <Japan>false</Japan>
    <Europe>true</Europe>
    <Asia>false</Asia>
    <China>false</China>
  </ProductRegions>
  <FormatVersion>2.0.0</FormatVersion>
  <ApplicationId>0x01007fc00f246000</ApplicationId>
  <DataHash>016b9a9228778d1541cc44b9d6f2ae7c</DataHash>
</SoftwareLegalInformation>
